filename,operator,plot,accession,plant,whirl_id,line_raw_slope (N/m),line_push_slope (N/m),ransac_slope(N/m),ratio captured,points
./data/2637/2080_1_5_23_59_57.csv,ES,2637,Tuson:C10-872(2),1,A,144.356263,152.6387608,156.3211629,0.942857143,35
./data/2637/2080_1_5_23_59_50.csv,ES,2637,Tuson:C10-872(2),1,B,120.7798544,152.9851965,151.9523873,0.942857143,35
./data/2637/2080_1_5_23_59_50(2).csv,ES,2637,Tuson:C10-872(2),1,C,78.56088852,97.69327503,103.8987179,0.902439024,41
./data/2637/2080_1_5_23_59_48.csv,ES,2637,Tuson:C10-872(2),2,A,128.7221137,165.3943891,207.9752004,0.853658537,41
./data/2637/2080_1_5_23_59_48(2).csv,ES,2637,Tuson:C10-872(2),2,B,128.0220719,150.2662764,164.6163495,0.795918367,49
./data/2637/2080_1_5_23_59_48(3).csv,ES,2637,Tuson:C10-872(2),2,C,90.79338592,119.3708204,125.1656558,0.632653061,49
./data/2637/2080_1_5_23_59_48(4).csv,ES,2637,Tuson:C10-872(2),3,A,144.184022,181.0839067,182.5343001,0.916666667,36
./data/2637/2018_10_31_18_45_18.csv,ES,2637,Tuson:C10-872(2),3,B,117.8911075,133.60031,134.2835896,0.944444444,36
./data/2637/2018_10_31_18_46_16.csv,ES,2637,Tuson:C10-872(2),3,C,78.07590601,103.2997947,110.2971246,0.911764706,34
./data/2643/2018_10_31_19_45_4.csv,ES,2643,Tuson:C4-839(2),1,A,48.10712086,187.3800024,204.8011221,0.896551724,29
./data/2643/2018_10_31_19_46_20.csv,ES,2643,Tuson:C4-839(2),1,B,4.000492787,46.70135861,53.14055913,0.866666667,15
./data/2643/2018_10_31_19_45_24.csv,ES,2643,Tuson:C4-839(2),2,A,152.8671789,231.7079689,233.8986746,0.923076923,26
./data/2643/2018_10_31_19_47_3.csv,ES,2643,Tuson:C4-839(2),2,B,184.0199104,247.5786031,247.6464489,0.931034483,29
./data/2643/2018_10_31_19_48_0.csv,ES,2643,Tuson:C4-839(2),2,C,49.13675734,95.55877558,71.71359859,0.913043478,23
./data/2646/2018_10_31_20_1_6.csv,ES,2646,Tuson:C4-178(6),1,A,107.5020745,155.4009341,162.5691535,0.84,25
./data/2646/2018_10_31_20_2_19.csv,ES,2646,Tuson:C4-178(6),1,B,111.8955526,143.3601129,153.6821919,0.8,35
./data/2646/2018_10_31_20_1_32.csv,ES,2646,Tuson:C4-178(6),2,A,97.84403743,134.6366014,114.9784527,0.833333333,24
./data/2646/2018_10_31_20_2_45.csv,ES,2646,Tuson:C4-178(6),2,B,74.52456813,105.4523188,109.3526591,0.84,25
./data/2646/2018_10_31_20_3_56.csv,ES,2646,Tuson:C4-178(6),2,C,33.67743754,52.20069076,53.0631352,0.862068966,29
./data/2646/2018_10_31_20_1_52.csv,ES,2646,Tuson:C4-178(6),3,A,113.9009101,168.2567302,159.6156597,0.935483871,31
./data/2646/2018_10_31_20_3_24.csv,ES,2646,Tuson:C4-178(6),3,B,115.8091354,149.2431615,146.4507532,0.653846154,26
./data/2646/2018_10_31_20_4_46.csv,ES,2646,Tuson:C4-178(6),3,C,48.87674998,67.99847005,44.7069794,0.606060606,33
./data/2648/2018_10_31_20_11_15.csv,ES,2648,Tuson:C0-165(3),1,A,198.1006332,235.9534245,295.7129705,0.612903226,31
./data/2648/2018_10_31_20_12_40.csv,ES,2648,Tuson:C0-165(3),1,B,182.0494337,221.3378422,216.2838431,0.923076923,26
./data/2648/2018_10_31_20_11_35.csv,ES,2648,Tuson:C0-165(3),2,A,186.7955808,243.1579167,273.6543681,0.92,25
./data/2648/2018_10_31_20_13_10.csv,ES,2648,Tuson:C0-165(3),2,B,157.5539014,167.8576561,192.8668228,0.913043478,23
./data/2648/2018_10_31_20_14_35.csv,ES,2648,Tuson:C0-165(3),2,C,118.6045188,146.7294585,172.245309,0.862068966,29
./data/2648/2018_10_31_20_11_54.csv,ES,2648,Tuson:C0-165(3),3,A,194.4682743,235.8460172,248.0097494,0.888888889,27
./data/2648/2018_10_31_20_13_31.csv,ES,2648,Tuson:C0-165(3),3,B,141.7418543,193.6113515,225.4000045,0.769230769,26
./data/2648/2018_10_31_20_15_10.csv,ES,2648,Tuson:C0-165(3),3,C,64.7259321,95.94903195,132.038075,0.84,25
./data/2650/2018_10_31_20_21_39.csv,ES,2650,Tuson:C2-832(2),1,A,187.7035446,288.6545676,334.8188973,0.739130435,23
./data/2650/2018_10_31_20_23_10.csv,ES,2650,Tuson:C2-832(2),1,B,131.0322264,187.1914364,227.6259438,0.625,32
./data/2650/2018_10_31_20_23_44.csv,ES,2650,Tuson:C2-832(2),1,C,47.72720128,94.59715808,106.1869408,0.875,24
./data/2651/2018_10_31_20_26_18.csv,ES,2651,Tuson:C6-858(4),1,A,167.0284872,195.0884795,208.4556174,0.888888889,27
./data/2651/2018_10_31_20_27_8.csv,ES,2651,Tuson:C6-858(4),1,B,107.1291634,133.7755793,147.941711,0.818181818,22
./data/2651/2018_10_31_20_28_32.csv,ES,2651,Tuson:C6-858(4),1,C,74.89608728,98.39479565,125.703226,0.75,24
./data/2651/2018_10_31_20_26_44.csv,ES,2651,Tuson:C6-858(4),2,A,156.6706757,193.0334452,178.9011624,0.916666667,24
./data/2651/2018_10_31_20_28_0.csv,ES,2651,Tuson:C6-858(4),2,B,156.6628134,186.8240819,187.0705051,0.925925926,27
./data/2651/2018_10_31_20_29_12.csv,ES,2651,Tuson:C6-858(4),2,C,111.6385503,170.0460553,160.5585764,0.739130435,23
./data/2654/2018_11_3_14_47_48.csv,ES,2654,Tuson:C6-849(4),1,A,81.13023166,122.1393898,129.2563067,0.916666667,24
./data/2654/2018_11_3_14_49_48.csv,ES,2654,Tuson:C6-849(4),1,B,82.69654924,92.69781056,101.5786655,0.9,20
./data/2654/2018_11_3_14_48_12.csv,ES,2654,Tuson:C6-849(4),2,A,81.58925617,107.9782443,99.50310962,0.875,24
./data/2654/2018_11_3_14_51_36.csv,ES,2654,Tuson:C6-849(4),2,B,61.69558777,80.9847288,86.4273157,0.933333333,30
./data/2654/2018_11_3_14_55_8.csv,ES,2654,Tuson:C6-849(4),2,C,26.38531821,58.43497002,54.93354226,0.666666667,24
./data/2654/2018_11_3_14_48_59.csv,ES,2654,Tuson:C6-849(4),3,A,11.69400965,45.68441306,25.86452981,0.846153846,13
./data/2654/2018_11_3_14_53_52.csv,ES,2654,Tuson:C6-849(4),3,B,13.12983085,34.35082854,51.43132402,0.619047619,21
./data/2654/2018_11_3_14_55_52.csv,ES,2654,Tuson:C6-849(4),3,C,13.83989477,25.03747224,23.35199908,0.761904762,21
./data/2659/2018_11_3_15_26_8.csv,ES,2659,Tuson:C0-164(5),1,A,86.05595398,121.6609086,121.5818139,0.92,25
./data/2659/2018_11_3_15_30_23.csv,ES,2659,Tuson:C0-164(5),1,B,60.9622159,78.77233582,70.97992916,0.821428571,28
./data/2659/2018_11_3_15_33_29.csv,ES,2659,Tuson:C0-164(5),1,C,59.10559041,123.0496817,93.24230278,0.857142857,14
./data/2659/2018_11_3_15_26_35.csv,ES,2659,Tuson:C0-164(5),2,A,170.7438402,236.3707564,301.7352091,0.888888889,18
./data/2659/2018_11_3_15_31_2.csv,ES,2659,Tuson:C0-164(5),2,B,220.4237492,323.7717252,373.9212932,0.92,25
./data/2659/2018_11_3_15_33_56.csv,ES,2659,Tuson:C0-164(5),2,C,110.4365621,167.6230154,153.7202363,0.869565217,23
./data/2659/2018_11_3_15_35_42.csv,ES,2659,Tuson:C0-164(5),2,D,48.21180247,102.2116568,114.067152,0.923076923,26
./data/2659/2018_11_3_15_28_18.csv,ES,2659,Tuson:C0-164(5),3,A,124.7081703,172.0855814,186.6904492,0.833333333,18
./data/2659/2018_11_3_15_32_7.csv,ES,2659,Tuson:C0-164(5),3,B,62.78699654,79.84922833,64.88687935,0.724137931,29
./data/2659/2018_11_3_15_35_12.csv,ES,2659,Tuson:C0-164(5),3,C,19.10373374,0,0,0,0
./data/2660/2018_11_3_15_37_30.csv,ES,2660,Tuson:C6-852(3),1,A,90.78651702,124.9325926,115.7938482,0.904761905,21
./data/2660/2018_11_3_15_38_49.csv,ES,2660,Tuson:C6-852(3),1,B,76.65743783,118.3637987,143.267049,0.761904762,21
./data/2660/2018_11_3_15_41_38.csv,ES,2660,Tuson:C6-852(3),1,C,38.51291928,62.52525299,61.91483854,0.931034483,29
./data/2660/2018_11_3_15_38_4.csv,ES,2660,Tuson:C6-852(3),2,A,212.9875505,250.2843236,259.9029243,0.85,20
./data/2660/2018_11_3_15_40_27.csv,ES,2660,Tuson:C6-852(3),2,B,84.9059457,117.5818039,126.0360544,0.838709677,31
./data/2663/2018_11_3_16_3_46.csv,ES,2663,Tuson:C0-165(1),1,A,231.9999224,332.7583484,392.280283,0.85,20
./data/2663/2018_11_3_16_6_33.csv,ES,2663,Tuson:C0-165(1),1,B,164.2667833,260.0217444,269.4153459,0.862068966,29
./data/2663/2018_11_3_16_4_24.csv,ES,2663,Tuson:C0-165(1),2,A,172.1082245,214.9078228,166.100828,0.681818182,22
./data/2663/2018_11_3_16_7_36.csv,ES,2663,Tuson:C0-165(1),2,B,132.1413512,176.9621802,199.5123556,0.857142857,28
./data/2663/2018_11_3_16_4_50.csv,ES,2663,Tuson:C0-165(1),3,A,98.9315022,151.0737273,159.6440884,0.777777778,18
./data/2663/2018_11_3_16_9_30.csv,ES,2663,Tuson:C0-165(1),3,B,42.32858752,69.07921211,84.85138429,0.933333333,30
./data/2666/2018_11_3_17_22_26.csv,ES,2666,Tuson:C4-176(4),1,A,76.41195592,103.0804502,134.8303795,0.913043478,23
./data/2666/2018_11_3_17_25_5.csv,ES,2666,Tuson:C4-176(4),1,B,60.72955599,65.74635268,72.6123209,0.740740741,27
./data/2666/2018_11_3_17_27_52.csv,ES,2666,Tuson:C4-176(4),1,C,28.86672619,42.25320421,42.55506028,0.92,25
./data/2666/2018_11_3_17_23_44.csv,ES,2666,Tuson:C4-176(4),2,A,55.91303438,75.28145814,90.53007507,0.806451613,31
./data/2666/2018_11_3_17_25_48.csv,ES,2666,Tuson:C4-176(4),2,B,41.71060396,62.48101256,66.93973849,0.92,25
./data/2666/2018_11_3_17_24_9.csv,ES,2666,Tuson:C4-176(4),3,A,57.48051148,92.52705118,93.78350046,0.892857143,28
./data/2666/2018_11_3_17_26_26.csv,ES,2666,Tuson:C4-176(4),3,B,36.26022753,57.91056189,65.73366047,0.928571429,28
./data/2666/2018_11_3_17_28_50.csv,ES,2666,Tuson:C4-176(4),3,C,12.1659394,20.93449675,20.32367172,0.888888889,27
./data/2669/2018_11_3_17_46_35.csv,ES,2669,Tuson:C10-869(6),1,A,89.48462719,144.2972322,156.3494725,0.866666667,15
./data/2669/2018_11_3_17_48_28.csv,ES,2669,Tuson:C10-869(6),1,B,40.55698228,67.25569861,75.03267119,0.789473684,19
./data/2669/2018_11_3_17_47_30.csv,ES,2669,Tuson:C10-869(6),2,A,136.1955042,142.1591951,157.1857214,0.894736842,19
./data/2669/2018_11_3_17_49_26.csv,ES,2669,Tuson:C10-869(6),2,B,59.11144864,71.45616599,72.65203894,0.92,25
./data/2669/2018_11_3_17_47_58.csv,ES,2669,Tuson:C10-869(6),3,A,118.7943033,208.0589546,232.4961207,0.684210526,19
./data/2669/2018_11_3_17_51_16.csv,ES,2669,Tuson:C10-869(6),3,B,54.41847583,101.766688,87.29616331,0.909090909,22
./data/2671/2018_11_3_18_3_1.csv,ES,2671,Tuson:C6-857(8),1,A,104.8407652,140.5281848,156.9594976,0.823529412,17
./data/2671/2018_11_3_18_4_39.csv,ES,2671,Tuson:C6-857(8),1,B,58.88053393,79.52052492,109.3219257,0.6,20
./data/2671/2018_11_3_18_4_4.csv,ES,2671,Tuson:C6-857(8),2,A,125.218671,141.1191888,162.5455426,0.736842105,19
./data/2671/2018_11_3_18_4_39(2).csv,ES,2671,Tuson:C6-857(8),2,B,83.07356358,126.5040616,128.188746,0.888888889,18
./data/2678/2018_11_3_18_38_56(8).csv,ES,2678,Tuson:C2-172(2),1,A,77.12446215,128.3490982,139.4677186,0.857142857,21
./data/2678/2018_11_3_18_38_56(11).csv,ES,2678,Tuson:C2-172(2),1,B,91.92466496,110.4362237,122.3898046,0.608695652,23
./data/2678/2018_11_3_18_38_56(14).csv,ES,2678,Tuson:C2-172(2),1,C,47.8261778,60.29249971,62.60638031,0.9,20
./data/2678/2018_11_3_18_38_56(9).csv,ES,2678,Tuson:C2-172(2),2,A,243.0869205,307.9005008,316.4191548,0.842105263,19
./data/2678/2018_11_3_18_38_56(12).csv,ES,2678,Tuson:C2-172(2),2,B,146.6683485,179.1079778,192.4575642,0.9,20
./data/2678/2018_11_3_18_38_56(15).csv,ES,2678,Tuson:C2-172(2),2,C,76.3961127,115.6479855,126.2353997,0.875,24
./data/2678/2018_11_3_18_38_56(10).csv,ES,2678,Tuson:C2-172(2),3,A,94.98267498,139.1314167,145.2466243,0.823529412,17
./data/2678/2018_11_3_18_38_56(13).csv,ES,2678,Tuson:C2-172(2),3,B,80.79131005,89.54307085,97.62510527,0.85,20
./data/2678/2018_11_3_18_38_56(16).csv,ES,2678,Tuson:C2-172(2),3,C,23.59828591,39.3196189,39.22661375,0.714285714,28
./data/2681/2018_11_3_18_56_52(14).csv,ES,2681,Tuson:C8-861(1),1,A,85.45989673,97.74426418,112.4317657,0.75,16
./data/2681/2018_11_3_18_56_52(17).csv,ES,2681,Tuson:C8-861(1),1,B,46.46401586,66.21752002,76.55324657,0.782608696,23
./data/2681/2018_11_3_18_56_52(15).csv,ES,2681,Tuson:C8-861(1),2,A,46.9199093,65.26418898,69.69192024,0.736842105,19
./data/2681/2018_11_3_18_56_52(18).csv,ES,2681,Tuson:C8-861(1),2,B,29.43597483,52.39533131,61.734152,0.7,20
./data/2681/2018_11_3_18_56_52(16).csv,ES,2681,Tuson:C8-861(1),3,A,64.31077803,84.28313285,110.765338,0.72,25
./data/2681/2018_11_3_18_56_52(19).csv,ES,2681,Tuson:C8-861(1),3,B,62.62035381,92.18248534,86.15741413,0.916666667,24
./data/2681/2018_11_3_18_56_52(20).csv,ES,2681,Tuson:C8-861(1),3,C,60.33830986,77.67374106,87.31540769,0.846153846,26
./data/2682/2018_11_3_18_56_52(21).csv,ES,2682,Tuson:C0-169(1),1,A,173.0074713,228.2667798,268.7876872,0.904761905,21
./data/2682/2018_11_3_18_56_52(24).csv,ES,2682,Tuson:C0-169(1),1,B,121.6351149,188.8162424,182.3534446,0.928571429,28
./data/2682/2018_11_3_18_56_52(22).csv,ES,2682,Tuson:C0-169(1),2,A,217.9244696,215.3293734,384.0589906,0.8,15
./data/2682/2018_11_3_18_56_52(25).csv,ES,2682,Tuson:C0-169(1),2,B,148.8423327,184.2856602,193.5036309,0.925925926,27
./data/2682/2018_11_3_18_56_52(23).csv,ES,2682,Tuson:C0-169(1),3,A,73.12917141,104.2921524,96.69765628,0.736842105,19
./data/2682/2018_11_3_18_56_52(26).csv,ES,2682,Tuson:C0-169(1),3,B,33.6458269,61.72113629,63.00164585,0.695652174,23
./data/2683/2018_11_3_18_56_52(27).csv,ES,2683,Tuson:C4-176(5),1,A,90.65495863,155.2028117,190.5165131,0.75,20
./data/2683/2018_11_3_18_56_52(30).csv,ES,2683,Tuson:C4-176(5),1,B,77.5117073,123.5681823,168.1408229,0.611111111,18
./data/2683/2018_11_3_18_56_52(33).csv,ES,2683,Tuson:C4-176(5),1,C,34.66325326,93.31746255,86.89117767,0.904761905,21
./data/2683/2018_11_3_18_56_52(28).csv,ES,2683,Tuson:C4-176(5),2,A,79.10420755,119.3624789,128.0271736,0.695652174,23
./data/2683/2018_11_3_18_56_52(31).csv,ES,2683,Tuson:C4-176(5),2,B,37.32846384,76.6091876,84.45498942,0.833333333,18
./data/2683/2018_11_3_18_56_52(34).csv,ES,2683,Tuson:C4-176(5),2,C,13.39477414,40.50202905,62.11348201,0.636363636,11
./data/2683/2018_11_3_18_56_52(29).csv,ES,2683,Tuson:C4-176(5),3,A,235.4984289,311.2404701,283.6919634,0.833333333,24
./data/2683/2018_11_3_18_56_52(32).csv,ES,2683,Tuson:C4-176(5),3,B,139.2738603,201.706361,250.6628864,0.9,20
./data/2683/2018_11_3_18_56_52(35).csv,ES,2683,Tuson:C4-176(5),3,C,67.06649497,94.71388449,120.0548987,0.777777778,27
./data/2684/2018_11_4_15_15_16.csv,ES,2684,Tuson:C4-177(6),1,A,213.4771215,299.6681839,309.8213522,0.904761905,21
./data/2684/2018_11_4_15_17_7.csv,ES,2684,Tuson:C4-177(6),1,B,133.4779583,190.5942246,181.3134683,0.9,20
./data/2684/2018_11_4_15_20_48.csv,ES,2684,Tuson:C4-177(6),1,C,69.46886419,96.71799603,111.0044337,0.739130435,23
./data/2684/2018_11_4_15_16_8.csv,ES,2684,Tuson:C4-177(6),2,A,148.457734,225.1095515,239.4192967,0.909090909,22
./data/2684/2018_11_4_15_17_56.csv,ES,2684,Tuson:C4-177(6),2,B,153.2527914,219.2608249,211.223721,0.9,20
./data/2684/2018_11_4_15_21_42.csv,ES,2684,Tuson:C4-177(6),2,C,101.9638912,161.8776728,162.7437155,0.904761905,21
./data/2684/2018_11_4_15_16_34.csv,ES,2684,Tuson:C4-177(6),3,A,129.3640351,163.2856097,181.9916073,0.777777778,18
./data/2684/2018_11_4_15_19_48.csv,ES,2684,Tuson:C4-177(6),3,B,95.91118602,130.1675921,137.5647356,0.875,24
./data/2685/2018_11_4_15_22_34.csv,ES,2685,Tuson:C8-860(1),1,A,24.52243277,42.52629828,45.68339086,0.863636364,22
./data/2685/2018_11_4_15_25_19.csv,ES,2685,Tuson:C8-860(1),1,B,20.01809541,33.98697175,36.46351923,0.727272727,22
./data/2685/2018_11_4_15_23_5.csv,ES,2685,Tuson:C8-860(1),2,A,30.81205877,46.74399156,44.85049486,0.916666667,24
./data/2685/2018_11_4_15_25_59.csv,ES,2685,Tuson:C8-860(1),2,B,23.64591465,40.83638534,39.84529306,0.904761905,21
./data/2685/2018_11_4_15_23_39.csv,ES,2685,Tuson:C8-860(1),3,A,27.30852327,45.51967064,41.83024013,0.923076923,26
./data/2685/2018_11_4_15_26_28.csv,ES,2685,Tuson:C8-860(1),3,B,30.84905687,43.9868369,44.39876852,0.942857143,35
./data/2688/2018_11_4_15_46_46.csv,ES,2688,Tuson:C6-856(5),1,A,235.991303,314.1402879,320.5983794,0.894736842,19
./data/2688/2018_11_4_15_48_32.csv,ES,2688,Tuson:C6-856(5),1,B,99.68937823,123.9901107,121.8067897,0.863636364,22
./data/2688/2018_11_4_15_47_3.csv,ES,2688,Tuson:C6-856(5),2,A,98.56375673,149.5148031,181.7905325,0.857142857,21
./data/2688/2018_11_4_15_49_8.csv,ES,2688,Tuson:C6-856(5),2,B,52.89102469,95.44242526,94.19606734,0.909090909,22
./data/2688/2018_11_4_15_47_42.csv,ES,2688,Tuson:C6-856(5),3,A,115.8646293,148.3713291,216.3187421,0.727272727,22
./data/2688/2018_11_4_15_50_13.csv,ES,2688,Tuson:C6-856(5),3,B,72.58842407,95.91683254,116.6790219,0.727272727,22
./data/2689/2018_11_4_15_50_59.csv,ES,2689,Tuson:C0-165(2),1,A,254.5834549,353.4228427,374.7736394,0.916666667,24
./data/2689/2018_11_4_15_52_52.csv,ES,2689,Tuson:C0-165(2),1,B,173.0140325,237.5384752,307.8343111,0.882352941,17
./data/2689/2018_11_4_15_56_2.csv,ES,2689,Tuson:C0-165(2),1,C,105.242946,160.4081794,114.2068675,0.681818182,22
./data/2689/2018_11_4_15_51_21.csv,ES,2689,Tuson:C0-165(2),2,A,140.5323911,225.5918944,204.022691,0.875,16
./data/2689/2018_11_4_15_53_48.csv,ES,2689,Tuson:C0-165(2),2,B,141.267645,195.2802009,246.1810002,0.894736842,19
./data/2689/2018_11_4_15_52_11.csv,ES,2689,Tuson:C0-165(2),3,A,208.2477189,331.8593724,384.8575178,0.875,16
./data/2689/2018_11_4_15_55_0.csv,ES,2689,Tuson:C0-165(2),3,B,236.1147895,324.4183806,425.6415921,0.888888889,18
./data/2689/2018_11_4_15_57_10.csv,ES,2689,Tuson:C0-165(2),3,C,128.1608525,185.2720541,197.7459331,0.862068966,29
./data/2691/2018_11_4_15_58_26.csv,ES,2691,Tuson:C2-832(6),1,A,176.8193544,236.772325,223.2067124,0.863636364,22
./data/2691/2018_11_4_16_0_26.csv,ES,2691,Tuson:C2-832(6),1,B,144.3072905,183.7199743,177.6536166,0.909090909,22
./data/2691/2018_11_4_16_3_44.csv,ES,2691,Tuson:C2-832(6),1,C,102.5671365,151.7095927,155.4864121,0.931034483,29
./data/2691/2018_11_4_15_58_46.csv,ES,2691,Tuson:C2-832(6),2,A,138.4146191,182.7069523,203.9906264,0.85,20
./data/2691/2018_11_4_16_1_9.csv,ES,2691,Tuson:C2-832(6),2,B,92.07469785,138.3753178,150.6896499,0.916666667,24
./data/2691/2018_11_4_15_59_48.csv,ES,2691,Tuson:C2-832(6),3,A,93.6391114,157.1534526,142.5161613,0.909090909,22
./data/2691/2018_11_4_16_2_32.csv,ES,2691,Tuson:C2-832(6),3,B,62.68383615,104.6382542,87.91741434,0.913043478,23
./data/2692/2018_11_4_16_4_28.csv,ES,2692,Tuson:C8-864(3),1,A,37.64727105,61.94234124,65.08677659,0.85,20
./data/2692/2018_11_4_16_6_40.csv,ES,2692,Tuson:C8-864(3),1,B,29.85048647,41.57712967,37.74700707,0.740740741,27
./data/2692/2018_11_4_16_5_35.csv,ES,2692,Tuson:C8-864(3),2,A,96.72762115,131.4295927,156.8215463,0.904761905,21
./data/2692/2018_11_4_16_7_54.csv,ES,2692,Tuson:C8-864(3),2,B,87.69446405,123.1780868,119.5818224,0.916666667,24
./data/2692/2018_11_4_16_8_56.csv,ES,2692,Tuson:C8-864(3),2,C,47.26044546,68.99978633,68.14801002,0.782608696,23
./data/2692/2018_11_4_16_6_0.csv,ES,2692,Tuson:C8-864(3),3,A,56.97656033,83.86887164,80.68475459,0.782608696,23
./data/2692/2018_11_4_16_8_13.csv,ES,2692,Tuson:C8-864(3),3,B,35.61337079,55.76385181,61.14241564,0.894736842,19
./data/2692/2018_11_4_16_9_26.csv,ES,2692,Tuson:C8-864(3),3,C,15.36760384,28.60879383,31.39382501,0.88,25
./data/2693/2018_11_4_16_10_20.csv,ES,2693,Tuson:C2-830(2),1,A,58.82086896,70.49673886,77.70939157,0.884615385,26
./data/2693/2018_11_4_16_12_24.csv,ES,2693,Tuson:C2-830(2),1,B,34.36307606,52.57958863,51.85640073,0.80952381,21
./data/2693/2018_11_4_16_11_39.csv,ES,2693,Tuson:C2-830(2),2,A,101.1448444,181.2965061,161.9247023,0.85,20
./data/2693/2018_11_4_16_13_15.csv,ES,2693,Tuson:C2-830(2),2,B,89.03068128,127.6525563,202.0840328,0.894736842,19
./data/2693/2018_11_4_16_11_56.csv,ES,2693,Tuson:C2-830(2),3,A,95.38513549,158.4757829,227.8831854,0.9,20
./data/2693/2018_11_4_16_14_24.csv,ES,2693,Tuson:C2-830(2),3,B,93.219264,128.9968609,152.7415896,0.894736842,19
./data/2699/2018_11_4_16_43_38.csv,ES,2699,Tuson:C2-172(3),1,A,103.379969,159.2802969,144.4213499,0.894736842,19
./data/2699/2018_11_4_16_45_1.csv,ES,2699,Tuson:C2-172(3),1,B,104.2968442,138.4161333,154.5064843,0.923076923,26
./data/2699/2018_11_4_16_44_5.csv,ES,2699,Tuson:C2-172(3),2,A,108.074941,148.4348095,144.9332747,0.833333333,18
./data/2699/2018_11_4_16_45_44.csv,ES,2699,Tuson:C2-172(3),2,B,79.23605789,113.5029924,117.4748263,0.923076923,26
./data/2699/2018_11_4_16_44_28.csv,ES,2699,Tuson:C2-172(3),3,A,63.62868143,104.788075,106.0078771,0.9,20
./data/2699/2018_11_4_16_46_55.csv,ES,2699,Tuson:C2-172(3),3,B,47.97558134,66.50701376,71.52163154,0.925925926,27
./data/2702/2018_11_4_16_55_46.csv,ES,2702,Tuson:C0-165(1),1,A,200.612334,373.1494247,459.8148313,0.9,20
./data/2702/2018_11_4_16_56_13(3).csv,ES,2702,Tuson:C0-165(1),1,B,232.7563979,365.8957028,447.9941723,0.875,16
./data/2702/2018_11_4_16_56_13(6).csv,ES,2702,Tuson:C0-165(1),1,C,182.9271023,201.3931248,208.132129,0.913043478,23
./data/2702/2018_11_4_16_56_13.csv,ES,2702,Tuson:C0-165(1),2,A,218.5221297,301.7376601,335.0664696,0.894736842,19
./data/2702/2018_11_4_16_56_13(4).csv,ES,2702,Tuson:C0-165(1),2,B,196.2881431,276.9262304,331.2591265,0.904761905,21
./data/2702/2018_11_4_16_56_13(7).csv,ES,2702,Tuson:C0-165(1),2,C,133.9163957,176.7166289,199.413603,0.76,25
./data/2702/2018_11_4_16_56_13(2).csv,ES,2702,Tuson:C0-165(1),3,A,255.0695338,338.6054618,375.5269838,0.863636364,22
./data/2702/2018_11_4_16_56_13(5).csv,ES,2702,Tuson:C0-165(1),3,B,163.7738763,205.0431069,151.2287402,0.894736842,19
./data/2702/2018_11_4_16_56_13(8).csv,ES,2702,Tuson:C0-165(1),3,C,58.91730979,112.9801153,107.8560047,0.857142857,21
./data/2708/2018_11_4_17_18_15(17).csv,ES,2708,Tuson:C10-873(1),1,A,142.5878928,171.3132349,198.1079203,0.782608696,23
./data/2708/2018_11_4_17_18_15(20).csv,ES,2708,Tuson:C10-873(1),1,B,112.695688,123.6841341,124.4363663,0.909090909,22
./data/2708/2018_11_4_17_18_15(18).csv,ES,2708,Tuson:C10-873(1),2,A,96.71752889,126.1801933,137.7991037,0.894736842,19
./data/2708/2018_11_4_17_18_15(21).csv,ES,2708,Tuson:C10-873(1),2,B,40.65420231,49.43088027,58.52389267,0.882352941,17
./data/2708/2018_11_4_17_18_15(23).csv,ES,2708,Tuson:C10-873(1),2,C,14.14628827,22.91608109,27.82394344,0.857142857,14
./data/2708/2018_11_4_17_18_15(19).csv,ES,2708,Tuson:C10-873(1),3,A,196.5712082,222.268982,265.4559001,0.75,24
./data/2708/2018_11_4_17_18_15(22).csv,ES,2708,Tuson:C10-873(1),3,B,132.4083036,149.6245763,146.4474778,0.894736842,19
./data/2708/2018_11_4_17_18_15(24).csv,ES,2708,Tuson:C10-873(1),3,C,84.02376928,115.9964395,107.1964188,0.925925926,27
./data/2708/2018_11_4_17_18_15(25).csv,ES,2708,Tuson:C10-873(1),3,D,25.32350725,0,0,0,0
./data/2709/2018_11_4_17_18_15(28).csv,ES,2709,Tuson:C2-172(2),1,B,100.0852254,124.483012,131.7447618,0.68,25
./data/2709/2018_11_4_17_18_15(26).csv,ES,2709,Tuson:C2-172(2),2,A,182.7800467,220.4829474,229.2159043,0.913043478,23
./data/2709/2018_11_4_17_18_15(29).csv,ES,2709,Tuson:C2-172(2),2,B,118.7529168,157.8180142,168.0788395,0.909090909,22
./data/2709/2018_11_4_17_18_15(31).csv,ES,2709,Tuson:C2-172(2),2,C,79.7042257,98.46898682,153.6537707,0.555555556,27
./data/2709/2018_11_4_17_18_15(27).csv,ES,2709,Tuson:C2-172(2),3,A,187.8909743,179.8531132,178.9928001,0.904761905,21
./data/2709/2018_11_4_17_18_15(30).csv,ES,2709,Tuson:C2-172(2),3,B,100.6829243,200.5454233,232.2237722,0.904761905,21
./data/2709/2018_11_4_17_18_15(32).csv,ES,2709,Tuson:C2-172(2),3,C,69.09361909,78.22500572,42.72035292,0.64516129,31
./data/2710/2018_11_4_17_18_15(33).csv,ES,2710,Tuson:C6-857(8),1,A,167.0176291,173.4882463,243.443673,0.909090909,22
./data/2710/2018_11_4_17_50_42.csv,ES,2710,Tuson:C6-857(8),1,B,100.4529907,92.14832195,129.211006,0.9,20
./data/2710/2018_11_4_17_18_15(34).csv,ES,2710,Tuson:C6-857(8),2,A,144.6458029,197.4561855,192.4201664,0.826086957,23
./data/2710/2018_11_4_17_50_42(2).csv,ES,2710,Tuson:C6-857(8),2,B,124.286863,137.5239081,155.6343114,0.88,25
./data/2710/2018_11_4_17_50_42(4).csv,ES,2710,Tuson:C6-857(8),2,C,72.74914149,100.3200322,115.3135577,0.84375,32
./data/2710/2018_11_4_17_18_15(35).csv,ES,2710,Tuson:C6-857(8),3,A,126.3151349,145.9364092,158.6153239,0.92,25
./data/2710/2018_11_4_17_50_42(3).csv,ES,2710,Tuson:C6-857(8),3,B,92.1451539,99.39250338,90.19953267,0.916666667,24