filename,operator,time,plot,plant,,line_raw_slope (N/m),line_push_slope (N/m),ransac_slope(N/m),ratio captured,points
./data/FirstSet/2019_9_2_12_53_16.csv,JR,9AM,1383,1,,274.6837287,237.3595871,214.8437559,0.823529412,17
./data/FirstSet/2019_9_2_12_53_42.csv,JR,9AM,1383,2,,316.8983338,433.8237566,501.5218168,0.6875,16
./data/FirstSet/2019_9_2_12_54_31.csv,JR,9AM,1383,3,,325.2332345,367.8524611,442.2191664,0.818181818,22
./data/FirstSet/2019_9_2_12_55_0.csv,JR,9AM,1383,4,,256.2038295,216.5660923,276.4185832,0.894736842,19
./data/FirstSet/2019_9_2_12_55_34.csv,JR,9AM,1383,5,,298.8914881,262.4735092,317.5097232,0.909090909,22
./data/FirstSet/2019_9_2_12_56_12.csv,JR,9AM,1383,6,,310.1114953,314.9890924,290.567087,0.888888889,18
./data/FirstSet/2019_9_2_12_56_51.csv,JR,9AM,1383,7,,235.5555479,436.7747334,447.7032482,0.8,10
./data/FirstSet/2019_9_2_12_57_19.csv,JR,9AM,1383,8,,213.1398113,208.3875145,173.6636761,0.818181818,22
./data/FirstSet/2019_9_2_12_57_25.csv,JR,9AM,1383,9,,217.9354253,170.803394,193.8255012,0.736842105,19
./data/FirstSet/2019_9_2_12_57_42.csv,JR,9AM,1383,10,,264.4244365,312.3198701,269.6723212,0.904761905,21
./data/FirstSet/2019_9_2_12_58_31.csv,JR,9AM,1383,1,,282.6663467,367.7110261,422.0211201,0.882352941,17
./data/FirstSet/2019_9_2_12_58_6.csv,JR,9AM,1383,11,,101.3602192,90.46516427,132.4435909,0.833333333,18
./data/FirstSet/2019_9_2_12_59_50.csv,JR,9AM,1383,2,,246.9467511,266.5195498,360.8192094,0.888888889,18
./data/FirstSet/2019_9_2_13_0_27.csv,JR,9AM,1383,3,,231.3264651,333.3334114,395.0925372,0.764705882,17
./data/FirstSet/2019_9_2_13_1_28.csv,JR,9AM,1383,5,,224.0668237,162.4841846,118.702871,0.647058824,17
./data/FirstSet/2019_9_2_13_1_50.csv,JR,9AM,1383,6,,253.0423415,224.7081434,218.1100052,0.777777778,18
./data/FirstSet/2019_9_2_13_1_50(10).csv,JR,9AM,1383,4,,255.6531638,253.3290801,241.0874314,0.888888889,18
./data/FirstSet/2019_9_2_13_1_50(11).csv,JR,9AM,1383,5,,224.6258129,170.5838116,210.7547431,0.722222222,18
./data/FirstSet/2019_9_2_13_1_50(12).csv,JR,9AM,1383,6,,270.787885,257.0548273,349.7184716,0.842105263,19
./data/FirstSet/2019_9_2_13_1_50(13).csv,JR,9AM,1383,7,,286.2606332,237.2320589,242.2865753,0.8,20
./data/FirstSet/2019_9_2_13_1_50(14).csv,JR,9AM,1383,8,,272.9095114,277.1653183,329.1145606,0.863636364,22
./data/FirstSet/2019_9_2_13_1_50(15).csv,JR,9AM,1383,9,,214.6263954,209.0341675,207.3387593,0.85,20
./data/FirstSet/2019_9_2_13_1_50(16).csv,JR,9AM,1383,10,,177.712811,256.3049985,312.6248141,0.666666667,18
./data/FirstSet/2019_9_2_13_1_50(17).csv,JR,9AM,1383,11,,80.58933068,96.20214838,111.7525723,0.666666667,18
./data/FirstSet/2019_9_2_13_1_50(18).csv,JR,9AM,1259,1,,286.287176,259.4280281,296.8123497,0.888888889,18
./data/FirstSet/2019_9_2_13_1_50(19).csv,JR,9AM,1259,2,,247.1116251,191.9830811,236.5080531,0.894736842,19
./data/FirstSet/2019_9_2_13_1_50(2).csv,JR,9AM,1383,7,,250.8083501,272.0789687,259.5276704,0.80952381,21
./data/FirstSet/2019_9_2_13_1_50(20).csv,JR,9AM,1259,3,,318.9100451,353.7463362,426.6091575,0.888888889,18
./data/FirstSet/2019_9_2_13_1_50(21).csv,JR,9AM,1259,4,,112.4504022,109.3959084,166.7260231,0.611111111,18
./data/FirstSet/2019_9_2_13_1_50(22).csv,JR,9AM,1259,5,,214.5485388,251.6212049,279.6148405,0.85,20
./data/FirstSet/2019_9_2_13_1_50(23).csv,JR,9AM,1259,6,,261.6542114,212.6979521,186.1280916,0.882352941,17
./data/FirstSet/2019_9_2_13_1_50(24).csv,JR,9AM,1259,7,,217.4953227,265.7578602,251.33626,0.9,20
./data/FirstSet/2019_9_2_13_1_50(25).csv,JR,9AM,1259,8,,302.5020657,320.2994913,311.6546775,0.904761905,21
./data/FirstSet/2019_9_2_13_1_50(26).csv,JR,9AM,1259,9,,269.0993152,342.4860501,352.0569545,0.913043478,23
./data/FirstSet/2019_9_2_13_1_50(27).csv,JR,9AM,1259,10,,290.6537002,247.4910174,246.4863056,0.9,20
./data/FirstSet/2019_9_2_13_1_50(28).csv,JR,9AM,1259,11,,125.1972277,124.2392015,134.6098099,0.869565217,23
./data/FirstSet/2019_9_2_13_1_50(29).csv,JR,9AM,1259,12,,202.3787389,214.4429086,228.7261673,0.909090909,22
./data/FirstSet/2019_9_2_13_1_50(3).csv,JR,9AM,1383,8,,250.2529426,384.1215067,287.1924612,0.526315789,19
./data/FirstSet/2019_9_2_13_1_50(30).csv,JR,9AM,1259,1,,226.0541995,282.8291645,308.2968147,0.894736842,19
./data/FirstSet/2019_9_2_13_1_50(31).csv,JR,9AM,1259,2,,204.0758977,214.4588291,227.3905503,0.9,20
./data/FirstSet/2019_9_2_13_1_50(32).csv,JR,9AM,1259,3,,324.6240421,371.5537683,350.1553435,0.894736842,19
./data/FirstSet/2019_9_2_13_1_50(33).csv,JR,9AM,1259,4,,94.39996551,153.6455971,184.2194175,0.68,25
./data/FirstSet/2019_9_2_13_1_50(34).csv,JR,9AM,1259,5,,235.5281943,276.5958815,324.5820168,0.64,25
./data/FirstSet/2019_9_2_13_1_50(35).csv,JR,9AM,1259,6,,277.7721152,312.0441033,297.9099097,0.761904762,21
./data/FirstSet/2019_9_2_13_1_50(36).csv,JR,9AM,1259,7,,244.3043619,222.6710492,242.2176056,0.789473684,19
./data/FirstSet/2019_9_2_13_1_50(37).csv,JR,9AM,1259,8,,325.8669523,360.8373633,503.0907939,0.85,20
./data/FirstSet/2019_9_2_13_1_50(38).csv,JR,9AM,1259,9,,275.8077341,296.1909113,294.1036831,0.9,20
./data/FirstSet/2019_9_2_13_1_50(39).csv,JR,9AM,1259,10,,225.3115851,265.473337,347.0507224,0.9,20
./data/FirstSet/2019_9_2_13_1_50(4).csv,JR,9AM,1383,9,,185.8324494,226.73082,241.2676035,0.764705882,17
./data/FirstSet/2019_9_2_13_1_50(40).csv,JR,9AM,1259,11,,129.2931182,97.87855107,103.2023408,0.869565217,23
./data/FirstSet/2019_9_2_13_1_50(5).csv,JR,9AM,1383,10,,214.1062662,191.7730824,161.0077159,0.625,16
./data/FirstSet/2019_9_2_13_1_50(6).csv,JR,9AM,1383,11,,84.9558035,82.37685083,130.9200045,0.857142857,21
./data/FirstSet/2019_9_2_13_1_50(7).csv,JR,9AM,1383,1,,294.8871746,265.5113817,287.3440131,0.875,16
./data/FirstSet/2019_9_2_13_1_50(8).csv,JR,9AM,1383,2,,260.9900936,238.9055616,301.2569537,0.684210526,19
./data/FirstSet/2019_9_2_13_1_50(9).csv,JR,9AM,1383,3,,313.887449,218.8829487,370.396621,0.882352941,17
./data/FirstSet/2019_9_2_13_1_8.csv,JR,9AM,1383,4,,309.2779573,282.3513256,155.6870861,0.52173913,23
./data/FirstSet/2019_9_2_13_22_12.csv,JR,9AM,1259,12,,203.4414843,208.7775674,243.5701129,0.615384615,26
./data/FirstSet/2019_9_2_13_22_12(10).csv,JR,9AM,1259,9,,258.2095303,274.4150302,338.3396431,0.80952381,21
./data/FirstSet/2019_9_2_13_22_12(11).csv,JR,9AM,1259,10,,228.7172387,283.099936,301.9438637,0.909090909,22
./data/FirstSet/2019_9_2_13_22_12(12).csv,JR,9AM,1259,11,,117.7310732,117.3467013,140.290257,0.80952381,21
./data/FirstSet/2019_9_2_13_22_12(2).csv,JR,9AM,1259,1,,234.5821392,305.6680635,326.1708435,0.842105263,19
./data/FirstSet/2019_9_2_13_22_12(3).csv,JR,9AM,1259,2,,227.0784008,182.4086529,166.5617198,0.80952381,21
./data/FirstSet/2019_9_2_13_22_12(4).csv,JR,9AM,1259,3,,310.9885487,348.6878323,401.2909472,0.777777778,18
./data/FirstSet/2019_9_2_13_22_12(5).csv,JR,9AM,1259,4,,108.1781818,131.4812847,133.770063,0.833333333,24
./data/FirstSet/2019_9_2_13_22_12(6).csv,JR,9AM,1259,5,,226.9788896,253.2975476,339.7647149,0.909090909,22
./data/FirstSet/2019_9_2_13_22_12(7).csv,JR,9AM,1259,6,,282.2431647,348.9207822,315.1656552,0.894736842,19
./data/FirstSet/2019_9_2_13_22_12(8).csv,JR,9AM,1259,7,,266.9870912,273.3147902,285.2454517,0.909090909,22
./data/FirstSet/2019_9_2_13_22_12(9).csv,JR,9AM,1259,8,,305.4955775,333.791387,368.1690644,0.727272727,22
./data/FirstSet/2019_9_2_13_27_14.csv,JR,9AM,1259,12,,192.9647929,212.2044884,211.7111347,0.9,20
./data/SecondSet/2019_9_2_15_38_26.csv,JR,12PM,1383,1,,285.9869262,306.6978346,320.3104341,0.608695652,23
./data/SecondSet/2019_9_2_15_38_48.csv,JR,12PM,1383,2,,218.7332919,221.9522826,247.6709907,0.875,16
./data/SecondSet/2019_9_2_15_39_11.csv,JR,12PM,1383,3,,282.9014454,228.4903961,285.7646875,0.882352941,17
./data/SecondSet/2019_9_2_15_39_31.csv,JR,12PM,1383,4,,274.4774213,280.2478367,304.5224943,0.789473684,19
./data/SecondSet/2019_9_2_15_40_12.csv,JR,12PM,1383,5,,219.1590372,148.4240276,196.8305347,0.764705882,17
./data/SecondSet/2019_9_2_15_40_46.csv,JR,12PM,1383,6,,236.8875642,221.8863151,232.9504811,0.789473684,19
./data/SecondSet/2019_9_2_15_41_17.csv,JR,12PM,1383,7,,280.4266156,279.3255172,274.1731194,0.8125,16
./data/SecondSet/2019_9_2_15_41_36.csv,JR,12PM,1383,8,,251.7007406,239.6034095,278.7409271,0.904761905,21
./data/SecondSet/2019_9_2_15_41_57.csv,JR,12PM,1383,9,,206.0565804,189.4496602,271.24028,0.6,20
./data/SecondSet/2019_9_2_15_42_34.csv,JR,12PM,1383,10,,230.9774244,180.4078505,190.3801956,0.75,20
./data/SecondSet/2019_9_2_15_43_3.csv,JR,12PM,1383,11,,103.2779261,96.42472191,69.46906839,0.761904762,21
./data/SecondSet/2019_9_2_15_44_30.csv,JR,12PM,1383,1,,322.4275651,338.1379465,387.3532341,0.608695652,23
./data/SecondSet/2019_9_2_15_44_48.csv,JR,12PM,1383,2,,240.0447412,223.5776413,256.0431138,0.9,20
./data/SecondSet/2019_9_2_15_45_26.csv,JR,12PM,1383,4,,275.4982753,277.8522169,404.4672115,0.777777778,18
./data/SecondSet/2019_9_2_15_45_45.csv,JR,12PM,1383,5,,204.4757569,175.4131674,192.0320976,0.789473684,19
./data/SecondSet/2019_9_2_15_45_7.csv,JR,12PM,1383,3,,292.8865726,292.0039505,308.4412723,0.882352941,17
./data/SecondSet/2019_9_2_15_46_28.csv,JR,12PM,1383,7,,265.7649737,248.5651853,288.7381682,0.789473684,19
./data/SecondSet/2019_9_2_15_46_45.csv,JR,12PM,1383,8,,257.9825442,255.389988,314.3970128,0.85,20
./data/SecondSet/2019_9_2_15_46_5.csv,JR,12PM,1383,6,,274.1000256,233.8991606,242.2153043,0.882352941,17
./data/SecondSet/2019_9_2_15_47_13.csv,JR,12PM,1383,9,,180.3435664,171.3834995,215.767122,0.833333333,18
./data/SecondSet/2019_9_2_15_47_35.csv,JR,12PM,1383,10,,239.9702903,203.7642383,247.3471534,0.8,20
./data/SecondSet/2019_9_2_15_48_13.csv,JR,12PM,1383,11,,95.58114019,85.2691595,104.5924306,0.857142857,21
./data/SecondSet/2019_9_2_15_50_58.csv,JR,12PM,1259,1,,223.1699893,221.9880652,211.2904567,0.8125,16
./data/SecondSet/2019_9_2_15_51_19.csv,JR,12PM,1259,2,,188.2077892,178.7931364,200.9633336,0.818181818,22
./data/SecondSet/2019_9_2_15_51_40.csv,JR,12PM,1259,3,,287.799123,238.1415527,277.3316544,0.9,20
./data/SecondSet/2019_9_2_15_52_11.csv,JR,12PM,1259,4,,96.46361633,79.90315924,100.477653,0.80952381,21
./data/SecondSet/2019_9_2_15_52_33.csv,JR,12PM,1259,5,,202.8049253,215.2789611,233.5641498,0.789473684,19
./data/SecondSet/2019_9_2_15_52_52.csv,JR,12PM,1259,6,,270.4551081,258.4451523,238.6713859,0.647058824,17
./data/SecondSet/2019_9_2_15_53_13.csv,JR,12PM,1259,7,,227.8124039,274.7684396,286.899583,0.894736842,19
./data/SecondSet/2019_9_2_15_53_32.csv,JR,12PM,1259,8,,273.1432346,242.9636757,358.4231921,0.882352941,17
./data/SecondSet/2019_9_2_15_53_50.csv,JR,12PM,1259,9,,264.1643066,303.528578,312.5508032,0.909090909,22
./data/SecondSet/2019_9_2_15_54_32.csv,JR,12PM,1259,11,,151.1773623,168.2911373,183.434587,0.652173913,23
./data/SecondSet/2019_9_2_15_54_52.csv,JR,12PM,1259,12,,157.3569294,154.1969231,174.3523886,0.666666667,18
./data/SecondSet/2019_9_2_15_54_9.csv,JR,12PM,1259,10,,266.0816665,233.509034,235.0039194,0.68,25
./data/SecondSet/2019_9_2_15_55_59.csv,JR,12PM,1259,1,,222.5213001,191.8234231,204.2413508,0.894736842,19
./data/SecondSet/2019_9_2_15_56_15.csv,JR,12PM,1259,2,,196.9574889,165.3278259,140.0772493,0.8,20
./data/SecondSet/2019_9_2_15_56_32.csv,JR,12PM,1259,3,,299.5695862,268.8037294,289.3130931,0.9,20
./data/SecondSet/2019_9_2_15_56_51.csv,JR,12PM,1259,4,,84.36000042,65.79687195,54.13718513,0.619047619,21
./data/SecondSet/2019_9_2_15_57_28.csv,JR,12PM,1259,6,,251.0143117,230.2848868,230.2304244,0.9,20
./data/SecondSet/2019_9_2_15_57_51.csv,JR,12PM,1259,7,,240.5989889,227.1975565,258.0787423,0.904761905,21
./data/SecondSet/2019_9_2_15_57_9.csv,JR,12PM,1259,5,,208.0770233,174.8854176,199.8803013,0.9,20
./data/SecondSet/2019_9_2_15_58_19.csv,JR,12PM,1259,8,,314.8727613,320.8930508,392.7463934,0.904761905,21
./data/SecondSet/2019_9_2_15_58_37.csv,JR,12PM,1259,9,,240.4645627,260.0562264,259.3272467,0.904761905,21
./data/SecondSet/2019_9_2_15_58_53.csv,JR,12PM,1259,10,,221.7125479,201.8504613,196.7229034,0.842105263,19
./data/SecondSet/2019_9_2_15_59_32.csv,JR,12PM,1259,11,,129.6503988,110.6119704,127.4202186,0.92,25
./data/SecondSet/2019_9_2_15_59_53.csv,JR,12PM,1259,12,,162.3392517,182.2703825,196.3370943,0.80952381,21
./data/SecondSet/2019_9_2_16_1_44.csv,JR,12PM,1259,1,,216.6576391,242.8872279,262.1719175,0.894736842,19
./data/SecondSet/2019_9_2_16_2_28.csv,JR,12PM,1259,3,,343.1736732,311.6022062,269.3483688,0.904761905,21
./data/SecondSet/2019_9_2_16_2_5.csv,JR,12PM,1259,2,,228.8265094,203.0443346,282.5348953,0.631578947,19
./data/SecondSet/2019_9_2_16_2_51.csv,JR,12PM,1259,4,,108.2005569,68.3155335,53.2639242,0.55,20
./data/SecondSet/2019_9_2_16_3_12.csv,JR,12PM,1259,5,,225.8565566,240.2854586,254.2009381,0.909090909,22
./data/SecondSet/2019_9_2_16_3_43.csv,JR,12PM,1259,6,,266.2918506,293.8939471,293.5756239,0.913043478,23
./data/SecondSet/2019_9_2_16_4_12.csv,JR,12PM,1259,7,,271.9044493,301.2564122,308.3318389,0.777777778,27
./data/SecondSet/2019_9_2_16_4_39.csv,JR,12PM,1259,8,,312.2965655,337.755523,430.6343108,0.842105263,19
./data/SecondSet/2019_9_2_16_4_57.csv,JR,12PM,1259,9,,259.4160499,265.0276839,309.5281172,0.904761905,21
./data/SecondSet/2019_9_2_16_5_46.csv,JR,12PM,1259,10,,264.0022458,267.4350212,311.3946153,0.842105263,19
./data/SecondSet/2019_9_2_16_6_23.csv,JR,12PM,1259,11,,147.4509857,141.2122375,160.4922358,0.791666667,24
./data/SecondSet/2019_9_2_16_6_46.csv,JR,12PM,1259,12,,180.6023866,161.7454801,177.7747388,0.8,20
./data/SecondSet/2080_1_5_23_59_43.csv,JR,12PM,1383,6,,235.6636165,201.5648597,198.7291212,0.866666667,15
./data/SecondSet/2080_1_5_23_59_43(2).csv,JR,12PM,1383,9,,163.266186,144.6123868,108.1360947,0.5625,16
./data/SecondSet/2080_1_5_23_59_44.csv,JR,12PM,1383,11,,96.62944867,76.79196479,88.35526771,0.777777778,18
./data/SecondSet/2080_1_5_23_59_45.csv,JR,12PM,1383,1,,278.5970087,366.4293985,509.9253168,0.80952381,21
./data/SecondSet/2080_1_5_23_59_45(2).csv,JR,12PM,1383,3,,316.7014486,292.3953672,222.9615231,0.631578947,19
./data/SecondSet/2080_1_5_23_59_45(3).csv,JR,12PM,1383,5,,221.9479013,182.1204615,230.3252718,0.8125,16
./data/SecondSet/2080_1_5_23_59_45(4).csv,JR,12PM,1383,7,,230.3636327,223.3572581,322.6767378,0.8,15
./data/SecondSet/2080_1_5_23_59_45(5).csv,JR,12PM,1383,8,,216.130182,197.4250817,202.2978183,0.875,16
./data/SecondSet/2080_1_5_23_59_46.csv,JR,12PM,1383,10,,196.853614,171.3016331,208.1243702,0.882352941,17
./data/SecondSet/2080_1_5_23_59_47.csv,JR,12PM,1383,4,,268.6819516,276.9985382,466.332298,0.5,18
./data/SecondSet/2080_1_5_23_59_48.csv,JR,12PM,1383,2,,235.1137194,223.6950162,234.1864941,0.875,16
./data/ThirdSet/2019_9_2_19_44_2.csv,JR,4PM,1383,2,,170.1743205,121.2538935,27.47911367,0.384615385,13
./data/ThirdSet/2019_9_2_19_44_21.csv,JR,4PM,1383,3,,243.4707278,217.5029549,267.4026391,0.857142857,14
./data/ThirdSet/2019_9_2_19_44_40.csv,JR,4PM,1383,4,,184.9147485,150.6259852,181.7457065,0.6,10
./data/ThirdSet/2019_9_2_19_45_28.csv,JR,4PM,1383,5,,178.2494449,99.67199525,60.90050693,0.5,14
./data/ThirdSet/2019_9_2_19_45_45.csv,JR,4PM,1383,6,,215.5223809,151.9077875,183.87817,0.714285714,14
./data/ThirdSet/2019_9_2_19_46_31.csv,JR,4PM,1383,8,,195.0700489,125.8780117,179.9516018,0.6875,16
./data/ThirdSet/2019_9_2_19_46_5.csv,JR,4PM,1383,7,,195.4571324,159.7911534,160.418676,0.866666667,15
./data/ThirdSet/2019_9_2_19_46_54.csv,JR,4PM,1383,9,,163.7745127,117.5962434,57.77661996,0.5625,16
./data/ThirdSet/2019_9_2_19_47_37.csv,JR,4PM,1383,10,,194.2915242,125.7118269,188.7552726,0.875,16
./data/ThirdSet/2019_9_2_19_47_55.csv,JR,4PM,1383,11,,67.44371596,73.92012522,90.47544369,0.611111111,18
./data/ThirdSet/2019_9_2_19_48_11.csv,JR,4PM,1383,1,,258.2643349,241.3869409,183.2397874,0.571428571,14
./data/ThirdSet/2019_9_2_19_49_30.csv,JR,4PM,1383,2,,189.0183272,147.6541637,187.0078641,0.866666667,15
./data/ThirdSet/2019_9_2_19_49_47.csv,JR,4PM,1383,3,,247.0167902,201.9015557,201.3624581,0.529411765,17
./data/ThirdSet/2019_9_2_19_50_20.csv,JR,4PM,1383,4,,206.0354338,243.7407963,309.429783,0.8,15
./data/ThirdSet/2019_9_2_19_50_34.csv,JR,4PM,1383,5,,180.1698863,171.1471792,115.8825316,0.5625,16
./data/ThirdSet/2019_9_2_19_50_49.csv,JR,4PM,1383,6,,231.8552011,203.3910309,364.3304017,0.8,15
./data/ThirdSet/2019_9_2_19_51_20.csv,JR,4PM,1383,7,,233.6247579,207.1388288,259.9824526,0.875,16
./data/ThirdSet/2019_9_2_19_51_38.csv,JR,4PM,1383,8,,183.7921063,136.0742797,186.0019217,0.785714286,14
./data/ThirdSet/2019_9_2_19_51_55.csv,JR,4PM,1383,9,,148.0786942,140.7693374,186.3956108,0.705882353,17
./data/ThirdSet/2019_9_2_19_52_12.csv,JR,4PM,1383,10,,165.2205407,111.1928821,79.17533229,0.625,16
./data/ThirdSet/2019_9_2_19_52_29.csv,JR,4PM,1383,11,,81.8946733,49.72833633,41.18595646,0.619047619,21
./data/ThirdSet/2019_9_2_19_52_57.csv,JR,4PM,1259,1,,195.3712059,164.7510896,122.3717434,0.733333333,15
./data/ThirdSet/2019_9_2_19_56_31.csv,JR,4PM,1259,2,,153.1080781,127.9482848,205.8236208,0.588235294,17
./data/ThirdSet/2019_9_2_19_56_47.csv,JR,4PM,1259,3,,267.37607,227.3578455,243.0058608,0.888888889,18
./data/ThirdSet/2019_9_2_19_57_37.csv,JR,4PM,1259,5,,171.7363998,146.8273688,127.6528797,0.722222222,18
./data/ThirdSet/2019_9_2_19_57_4.csv,JR,4PM,1259,4,,75.87119077,76.34726532,64.66755997,0.473684211,19
./data/ThirdSet/2019_9_2_19_57_53.csv,JR,4PM,1259,6,,206.1604248,193.0976164,204.8208708,0.833333333,18
./data/ThirdSet/2019_9_2_19_58_10.csv,JR,4PM,1259,7,,199.7578607,223.7116887,343.764327,0.739130435,23
./data/ThirdSet/2019_9_2_19_58_28.csv,JR,4PM,1259,8,,270.0466084,307.8868409,314.545171,0.888888889,18
./data/ThirdSet/2019_9_2_19_58_53.csv,JR,4PM,1259,9,,233.0159477,189.063044,234.4064962,0.8125,16
./data/ThirdSet/2019_9_2_19_59_30.csv,JR,4PM,1259,11,,107.1927971,86.84777312,82.05052909,0.75,24
./data/ThirdSet/2019_9_2_19_59_9.csv,JR,4PM,1259,10,,224.055427,169.9876706,174.3245266,0.875,16
./data/ThirdSet/2019_9_2_20_0_25.csv,JR,4PM,1259,1,,197.3001772,215.1790118,213.9234169,0.882352941,17
./data/ThirdSet/2019_9_2_20_0_3.csv,JR,4PM,1259,12,,126.4422687,123.0807779,149.2860636,0.722222222,18
./data/ThirdSet/2019_9_2_20_1_37.csv,JR,4PM,1259,2,,201.8110438,152.7116022,180.5631015,0.888888889,18
./data/ThirdSet/2019_9_2_20_10_22.csv,JR,4PM,1259,10,,220.1115015,172.4353878,208.007734,0.6875,16
./data/ThirdSet/2019_9_2_20_10_51.csv,JR,4PM,1259,11,,107.9644404,76.89150827,88.26994365,0.75,20
./data/ThirdSet/2019_9_2_20_10_6.csv,JR,4PM,1259,9,,222.1910705,219.0962115,264.5956807,0.611111111,18
./data/ThirdSet/2019_9_2_20_11_8.csv,JR,4PM,1259,12,,156.1256808,179.8200129,153.7616509,0.590909091,22
./data/ThirdSet/2019_9_2_20_2_11.csv,JR,4PM,1259,3,,264.4766812,226.1493639,314.5595979,0.894736842,19
./data/ThirdSet/2019_9_2_20_2_29.csv,JR,4PM,1259,4,,112.7970618,103.1554163,109.7556595,0.869565217,23
./data/ThirdSet/2019_9_2_20_3_18.csv,JR,4PM,1259,6,,275.5989705,223.9789848,291.3987004,0.894736842,19
./data/ThirdSet/2019_9_2_20_3_2.csv,JR,4PM,1259,5,,194.3282967,200.5720453,303.8036476,0.619047619,21
./data/ThirdSet/2019_9_2_20_3_40.csv,JR,4PM,1259,7,,197.2048576,190.8182294,205.9839651,0.894736842,19
./data/ThirdSet/2019_9_2_20_3_58.csv,JR,4PM,1259,8,,275.0389442,251.9774129,239.8837217,0.875,16
./data/ThirdSet/2019_9_2_20_4_31.csv,JR,4PM,1259,9,,211.3441545,138.3135231,174.309285,0.8,15
./data/ThirdSet/2019_9_2_20_4_47.csv,JR,4PM,1259,10,,211.8059681,161.6442091,242.1305274,0.875,16
./data/ThirdSet/2019_9_2_20_5_24.csv,JR,4PM,1259,11,,114.7218733,98.1357714,135.3932164,0.875,24
./data/ThirdSet/2019_9_2_20_6_0.csv,JR,4PM,1259,12,,151.9894439,146.9347451,122.6733425,0.761904762,21
./data/ThirdSet/2019_9_2_20_6_30.csv,JR,4PM,1259,1,,199.1782612,180.934613,241.4567857,0.882352941,17
./data/ThirdSet/2019_9_2_20_7_24.csv,JR,4PM,1259,2,,182.751085,170.9352663,188.1303758,0.894736842,19
./data/ThirdSet/2019_9_2_20_7_41.csv,JR,4PM,1259,3,,257.6787097,227.9325305,238.8808723,0.882352941,17
./data/ThirdSet/2019_9_2_20_7_57.csv,JR,4PM,1259,4,,92.58511895,72.47390258,131.5787268,0.6,20
./data/ThirdSet/2019_9_2_20_8_29.csv,JR,4PM,1259,5,,209.228624,199.9355504,181.1788027,0.894736842,19
./data/ThirdSet/2019_9_2_20_8_54.csv,JR,4PM,1259,6,,241.0095973,255.7108824,276.264934,0.888888889,18
./data/ThirdSet/2019_9_2_20_9_19.csv,JR,4PM,1259,7,,254.4053613,160.2618748,167.4903233,0.777777778,18
./data/ThirdSet/2019_9_2_20_9_42.csv,JR,4PM,1259,8,,270.6883257,320.2112926,281.8843918,0.894736842,19
./data/ThirdSet/2080_1_5_23_59_42.csv,JR,4PM,1383,6,,161.0629908,87.29958109,48.22122262,0.583333333,12
./data/ThirdSet/2080_1_5_23_59_43(3).csv,JR,4PM,1383,5,,166.80657,153.93868,295.6123151,0.6875,16
./data/ThirdSet/2080_1_5_23_59_43(4).csv,JR,4PM,1383,8,,154.7003187,86.19092134,96.51686324,0.5,12
./data/ThirdSet/2080_1_5_23_59_43(5).csv,JR,4PM,1383,9,,125.2987874,109.3931945,76.07699598,0.636363636,11
./data/ThirdSet/2080_1_5_23_59_43(6).csv,JR,4PM,1383,11,,61.20899345,64.59381276,28.20221901,0.428571429,14
./data/ThirdSet/2080_1_5_23_59_43(7).csv,JR,4PM,1383,1,,214.2337695,231.0554667,351.810406,0.615384615,13
./data/ThirdSet/2080_1_5_23_59_44(2).csv,JR,4PM,1383,2,,190.3566255,159.5418307,198.7340548,0.714285714,14
./data/ThirdSet/2080_1_5_23_59_44(3).csv,JR,4PM,1383,3,,213.3133299,187.4954445,221.2563642,0.714285714,14
./data/ThirdSet/2080_1_5_23_59_44(4).csv,JR,4PM,1383,7,,175.60407,163.666237,171.8180252,0.545454545,11
./data/ThirdSet/2080_1_5_23_59_46(2).csv,JR,4PM,1383,1,,292.9009438,237.1237161,180.8116448,0.8,15
./data/ThirdSet/2080_1_5_23_59_49.csv,JR,4PM,1383,10,,178.4905701,122.7564877,75.54761207,0.461538462,13
./data/ThirdSet/2080_1_5_23_59_52.csv,JR,4PM,1383,4,,220.9135506,218.9391962,391.0976009,0.642857143,14
./data/1259/2019_9_27_16_10_26.csv,LE,R5,1259,2,D,107.0271563,131.769577,149.1186292,0.933333333,30
./data/1259/2019_9_27_16_11_20.csv,LE,R5,1259,3,A,351.4865628,394.2455233,462.5987294,0.882352941,17
./data/1259/2019_9_27_16_11_50.csv,LE,R5,1259,3,B,307.7819869,303.52559,289.7268434,0.875,16
./data/1259/2019_9_27_16_12_35.csv,LE,R5,1259,3,C,219.5686607,255.3686712,256.3580231,0.894736842,19
./data/1259/2019_9_27_16_13_29.csv,LE,R5,1259,3,D,157.8522039,207.5374871,212.0156593,0.875,24
./data/1259/2019_9_27_16_14_21.csv,LE,R5,1259,4,A,145.2476893,137.6963503,153.4442061,0.826086957,23
./data/1259/2019_9_27_16_14_47.csv,LE,R5,1259,4,B,129.129508,145.6899725,127.3341326,0.904761905,21
./data/1259/2019_9_27_16_15_33.csv,LE,R5,1259,4,C,85.2436449,100.9641491,125.6120799,0.925925926,27
./data/1259/2019_9_27_16_16_20.csv,LE,R5,1259,5,A,257.5052302,309.9907955,274.1972364,0.904761905,21
./data/1259/2019_9_27_16_16_50.csv,LE,R5,1259,5,B,276.4990187,316.6567481,340.5342021,0.909090909,22
./data/1259/2019_9_27_16_17_14.csv,LE,R5,1259,5,C,241.997729,266.2664473,269.2070628,0.80952381,21
./data/1259/2019_9_27_16_18_3.csv,LE,R5,1259,5,D,164.6139743,218.4642222,195.0412047,0.730769231,26
./data/1259/2019_9_27_16_18_47.csv,LE,R5,1259,6,A,360.5438979,392.6672678,398.1689035,0.904761905,21
./data/1259/2019_9_27_16_19_22.csv,LE,R5,1259,6,B,312.3630495,285.6889149,304.410373,0.863636364,22
./data/1259/2019_9_27_16_20_13.csv,LE,R5,1259,6,C,222.1290895,248.924515,260.967503,0.925925926,27
./data/1259/2019_9_27_16_21_3.csv,LE,R5,1259,6,D,118.3672549,140.8358909,144.0607181,0.923076923,26
./data/1259/2019_9_27_16_21_59.csv,LE,R5,1259,7,A,389.2401486,326.9638893,351.9912516,0.9,20
./data/1259/2019_9_27_16_22_34.csv,LE,R5,1259,7,B,273.5004002,301.0470567,326.6588274,0.913043478,23
./data/1259/2019_9_27_16_23_48.csv,LE,R5,1259,7,D,160.0461952,163.2039403,165.6649232,0.777777778,27
./data/1259/2019_9_27_16_23_9.csv,LE,R5,1259,7,C,230.82968,252.223194,207.5727625,0.9,20
./data/1259/2019_9_27_16_24_22.csv,LE,R5,1259,8,A,365.3009208,483.9835615,343.6235172,0.866666667,15
./data/1259/2019_9_27_16_25_14.csv,LE,R5,1259,8,B,326.9059963,357.7729686,366.854935,0.904761905,21
./data/1259/2019_9_27_16_25_47.csv,LE,R5,1259,8,C,287.4724554,329.8952115,407.6262822,0.9,20
./data/1259/2019_9_27_16_26_21.csv,LE,R5,1259,8,D,261.1979109,299.7196372,274.7049497,0.916666667,24
./data/1259/2019_9_27_16_27_1.csv,LE,R5,1259,9,A,327.7514059,385.8481901,385.8432178,0.888888889,27
./data/1259/2019_9_27_16_27_31.csv,LE,R5,1259,9,B,302.8118528,309.7892619,310.3685092,0.904761905,21
./data/1259/2019_9_27_16_28_22.csv,LE,R5,1259,9,C,245.2498704,247.1670935,248.4946874,0.913043478,23
./data/1259/2019_9_27_16_29_12.csv,LE,R5,1259,9,D,155.0590795,125.5036175,102.2558698,0.666666667,24
./data/1259/2019_9_27_16_29_56.csv,LE,R5,1259,10,A,349.7660814,410.558762,408.2869336,0.909090909,22
./data/1259/2019_9_27_16_30_32.csv,LE,R5,1259,10,B,256.6657923,265.5654651,234.4205892,0.761904762,21
./data/1259/2019_9_27_16_31_27.csv,LE,R5,1259,10,C,226.4043945,223.7311971,209.8313398,0.904761905,21
./data/1259/2019_9_27_16_32_14.csv,LE,R5,1259,10,D,99.19017222,144.0353896,142.7577457,0.916666667,24
./data/1259/2019_9_27_16_3_47.csv,LE,R5,1259,1,A,312.9307137,323.5409657,362.2043839,0.772727273,22
./data/1259/2019_9_27_16_5_26.csv,LE,R5,1259,1,B,284.2220773,357.1425375,322.0029883,0.88,25
./data/1259/2019_9_27_16_6_16.csv,LE,R5,1259,1,C,188.8479336,253.8299413,243.1247595,0.916666667,24
./data/1259/2019_9_27_16_7_18.csv,LE,R5,1259,1,D,144.1425551,174.9324227,177.9867911,0.72,25
./data/1259/2019_9_27_16_8_3.csv,LE,R5,1259,2,A,305.9929139,314.6184084,370.609785,0.928571429,28
./data/1259/2019_9_27_16_8_43.csv,LE,R5,1259,2,B,240.6257317,275.847511,260.6145472,0.909090909,22
./data/1259/2019_9_27_16_9_28.csv,LE,R5,1259,2,C,175.3129885,227.882078,228.510493,0.92,25
./data/1383/2019_9_27_15_29_30.csv,LE,R5,1383,1,A,403.0630475,499.525295,502.2457912,0.923076923,26
./data/1383/2019_9_27_15_32_0.csv,LE,R5,1383,1,B,426.0841714,492.4524332,521.2513682,0.904761905,21
./data/1383/2019_9_27_15_32_41.csv,LE,R5,1383,1,C,313.1447524,363.3001869,409.9878142,0.791666667,24
./data/1383/2019_9_27_15_33_24.csv,LE,R5,1383,1,D,253.2649837,300.7378899,307.0809453,0.846153846,26
./data/1383/2019_9_27_15_34_16.csv,LE,R5,1383,2,A,367.8023895,423.3065377,451.2000479,0.78125,32
./data/1383/2019_9_27_15_35_12.csv,LE,R5,1383,2,B,286.3817136,239.6907905,249.8244068,0.9,20
./data/1383/2019_9_27_15_36_4.csv,LE,R5,1383,2,C,199.8656166,264.1715905,304.3663123,0.916666667,24
./data/1383/2019_9_27_15_36_50.csv,LE,R5,1383,3,A,401.3941747,402.0463336,393.0067864,0.875,16
./data/1383/2019_9_27_15_37_24.csv,LE,R5,1383,3,B,338.5828333,305.9075651,398.4800003,0.857142857,14
./data/1383/2019_9_27_15_38_4.csv,LE,R5,1383,3,C,298.9985029,0,0,0,0
./data/1383/2019_9_27_15_38_50.csv,LE,R5,1383,4,A,348.2002801,477.1186107,509.1354233,0.894736842,19
./data/1383/2019_9_27_15_40_45.csv,LE,R5,1383,4,C,256.6486231,293.4438413,375.6317853,0.92,25
./data/1383/2019_9_27_15_40_5.csv,LE,R5,1383,4,B,325.1483515,448.0267051,372.6559019,0.894736842,19
./data/1383/2019_9_27_15_41_35.csv,LE,R5,1383,4,D,194.2886556,255.4775421,270.3924592,0.869565217,23
./data/1383/2019_9_27_15_42_33.csv,LE,R5,1383,5,A,327.4409493,286.5040104,274.3738596,0.866666667,15
./data/1383/2019_9_27_15_43_13.csv,LE,R5,1383,5,B,309.3775657,262.1512229,251.5703577,0.888888889,18
./data/1383/2019_9_27_15_43_43.csv,LE,R5,1383,5,C,200.7882192,242.3563813,253.2711723,0.923076923,26
./data/1383/2019_9_27_15_44_25.csv,LE,R5,1383,6,A,375.5758755,416.2043501,426.3203076,0.933333333,30
./data/1383/2019_9_27_15_45_1.csv,LE,R5,1383,6,B,311.4088121,418.4477159,362.2076985,0.913043478,23
./data/1383/2019_9_27_15_46_5.csv,LE,R5,1383,6,C,234.0328699,292.5582498,281.4323937,0.916666667,24
./data/1383/2019_9_27_15_47_6.csv,LE,R5,1383,6,D,159.8699604,210.3727358,200.0708488,0.9,20
./data/1383/2019_9_27_15_48_36.csv,LE,R5,1383,7,B,294.6749227,266.9261994,243.3363006,0.888888889,18
./data/1383/2019_9_27_15_48_4.csv,LE,R5,1383,7,A,330.9756239,344.5323381,374.5876058,0.904761905,21
./data/1383/2019_9_27_15_51_38.csv,LE,R5,1383,7,C,219.6096775,286.6958845,266.7281993,0.9,20
./data/1383/2019_9_27_15_52_29.csv,LE,R5,1383,7,D,101.2309554,71.07980852,110.0207371,0.875,16
./data/1383/2019_9_27_15_53_42.csv,LE,R5,1383,8,A,337.9854409,331.6905162,255.7623207,0.846153846,13
./data/1383/2019_9_27_15_54_11.csv,LE,R5,1383,8,B,248.4756566,333.117438,297.232029,0.916666667,24
./data/1383/2019_9_27_15_55_10.csv,LE,R5,1383,8,C,143.4628521,198.7908599,207.3042267,0.913043478,23
./data/1383/2019_9_27_15_56_18.csv,LE,R5,1383,9,A,267.5042028,291.7839146,270.4671833,0.913043478,23
./data/1383/2019_9_27_15_56_44.csv,LE,R5,1383,9,B,246.7495061,288.3034862,349.8192635,0.9,20
./data/1383/2019_9_27_15_57_49.csv,LE,R5,1383,9,C,178.5238378,222.6366114,221.5372085,0.896551724,29
./data/1383/2019_9_27_15_58_29.csv,LE,R5,1383,10,A,300.9320995,332.1632731,319.792767,0.913043478,23
./data/1383/2019_9_27_15_59_57.csv,LE,R5,1383,10,C,194.2357748,266.875287,281.9800678,0.925925926,27
./data/1383/2019_9_27_15_59_8.csv,LE,R5,1383,10,B,275.1002755,316.8837408,339.2459336,0.916666667,24
./data/1383/2019_9_27_16_1_2.csv,LE,R5,1383,10,D,91.45284429,130.296907,151.7422664,0.931034483,29
./data/1383/2019_9_27_16_1_46.csv,LE,R5,1383,11,A,149.0750236,173.1774972,173.0264475,0.923076923,26
./data/1383/2019_9_27_16_2_9.csv,LE,R5,1383,11,B,113.009627,136.6144123,140.8378802,0.769230769,26
./data/1383/2019_9_27_16_3_2.csv,LE,R5,1383,11,C,94.92079612,114.4406894,110.2727574,0.939393939,33